ID,V1,V2,V3,V4
1,-5.9038,-0.82199,-4.8554,10.9818
2,-2.9675,0.75429,4.0948,2.3689
3,1.0325,-0.41337,1.3264,5.6566
4,0.32477,-0.36036,-0.41645,-0.33617
5,2.8824,-2.3724,-1.9725,-2.3086
6,6.7561,0.39481,1.8205,0.0099913
7,-5.1712,0.57455,3.1541,6.5991
8,2.9093,-2.2069,-0.41965,-1.7859
9,-1.4321,0.42067,-1.4377,2.1144
10,-0.53191,0.77627,-3.0731,2.3877
11,0.16957,-0.82975,-2.0662,-1.0054
12,-7.9027,0.34179,-0.90784,6.7807
13,8.7219,-0.59699,4.1711,-3.0224
14,8.0328,-3.8853,-0.21661,1.8848
15,-2.3508,0.90946,4.4295,1.7048
16,-2.5846,0.30947,3.0864,2.2309
17,-6.3176,0.20602,2.4486,7.9632
18,-7.4495,-0.64484,-2.4835,6.8964
19,-6.7129,0.32886,-0.95923,4.9857
20,1.3097,1.909,4.6689,0.055404
21,2.1209,0.38317,2.7961,1.8385
22,-5.1878,-0.86725,-5.0676,10.4266
23,0.44686,-0.24398,2.888,4.5907
24,4.8399,-6.0823,0.81583,-5.2613
25,-5.1857,-1.1427,3.3669,3.6935
26,-3.9483,1.1577,3.6941,4.2625
27,-7.106,-0.33708,-2.0962,6.6188
28,2.8182,-1.8862,-1.2667,-2.426
29,2.0878,-0.66553,0.23874,-3.3522
30,-0.08495,0.59136,1.4578,4.1785
31,-0.00010928,-0.33967,1.934,4.816
32,3.3563,-3.5233,-3.3924,-0.72004
33,10.2428,-4.0082,0.86816,-1.4912
34,-3.8841,-0.0060486,3.7321,3.3577
35,6.0629,0.51248,1.8384,0.54723
36,-0.15324,2.4495,3.4769,2.53
37,-0.05598,1.353,-2.121,1.949
38,2.5016,0.903,3.9433,1.5215
39,-0.23808,0.05602,-2.2214,0.56008
40,-6.8805,-0.081048,2.1616,8.1517
41,9.5662,-7.5034,-0.7869,-3.7867
42,7.9211,-2.8444,1.1315,1.093
43,1.1111,1.3388,3.4663,1.7425
44,-0.10564,1.0414,-2.5912,1.2798
45,8.188,-2.5276,-0.278,-3.1338
46,6.1188,-0.19613,4.1349,-2.4294
47,-4.4077,0.078002,2.5698,5.9856
48,3.6956,-1.9379,1.0637,-4.1594
49,0.039207,0.31593,-0.94255,-0.24192
50,2.961,-1.4647,-0.82601,-1.2864
51,-7.6564,-0.84268,-2.902,11.8318
52,5.2021,-6.1211,0.63655,-5.2159
53,1.974,-0.65259,0.11032,-3.3668
54,-0.49467,1.6543,-2.0046,1.333
55,-6.8556,-0.62285,-2.62,6.2169
56,6.8368,0.71291,2.9719,-0.2702
57,-0.17393,1.2198,-0.025314,-0.11339
58,3.9646,0.84351,1.1317,3.3979
59,8.3846,-1.9677,1.4276,-2.0995
60,3.4287,-1.4259,1.4896,-4.0309
61,10.7043,-4.0767,2.6562,-3.3085
62,-2.1563,0.9017,-1.5851,1.7082
63,-3.311,0.066365,3.7798,2.6491
64,-3.2903,1.0866,3.9414,3.1674
65,3.0686,0.80731,4.8272,0.68604
66,-0.15531,-0.75346,1.3049,6.4911
67,1.0511,-1.0974,-2.0659,-0.46298
68,-7.1536,0.96765,-1.6677,7.8929
69,3.7639,-4.0483,0.64376,-4.4738
70,-0.30015,0.024986,-1.6662,1.4238
71,9.6324,-2.7164,2.229,-3.1123
72,8.8171,-1.7957,1.2746,-1.5323
73,12.6246,-7.6612,-2.4473,0.73573
74,6.1436,-0.72113,0.049175,1.7828
75,-4.7905,-0.53751,3.8962,3.3954
76,12.5397,-3.5258,-2.2261,2.9438
77,9.4606,-5.2366,4.2164,-4.9288
78,-6.3114,0.80472,-1.0744,5.355
79,1.916,-0.20518,0.75108,-3.1098
80,1.5684,-1.7453,-2.1333,-0.084261
81,11.8817,-5.2728,-1.803,2.0458
82,3.7329,-0.39786,2.2893,0.6312
83,0.12405,-0.86208,-2.1674,-1.0465
84,3.4618,-3.8879,-4.1409,-0.47841
85,3.6356,-4.1414,0.74521,-4.4044
86,6.1457,-2.0401,1.8533,1.0176
87,-3.2634,-0.9849,0.5195,3.0895
88,7.6066,-2.4668,1.8114,-0.9788
89,-1.9163,0.59912,-1.3995,2.5154
90,-0.76988,1.3039,1.7748,5.5854
91,8.8854,-1.6599,0.93584,-1.6831
92,1.9823,-1.1957,-0.95403,-2.3163
93,3.2073,-0.26208,1.8592,-0.15966
94,8.2894,-3.3332,-0.36279,-1.9213
95,5.4131,0.23576,4.0932,-1.8219
96,3.1204,-1.2966,-4.7462,1.075
97,1.6326,-0.091393,-2.7028,0.83598
98,2.9734,0.60558,3.9121,0.92852
99,0.46341,1.0879,1.941,4.6472
100,9.1047,-5.9763,-5.4901,-0.38758
101,8.008,-1.7608,2.6104,-0.23592
102,6.812,-0.61251,0.38251,1.8128
103,5.8973,-0.70044,-0.16682,0.49839
104,4.7799,-3.2362,1.7875,-5.1362
105,9.6469,-2.5948,3.2351,-3.2074
106,-4.06,-0.32544,2.877,3.6259
107,2.8451,-3.1004,-0.49081,-3.6436
108,3.9212,0.33662,3.966,0.70574
109,8.3929,-1.4659,0.96574,-1.361
110,2.6734,-2.0323,-1.2943,-0.84085
111,5.8311,-0.24527,5.7227,-2.4097
112,6.0194,-0.69268,2.6881,-0.46641
113,-4.776,-1.8836,1.3638,8.4182
114,10.249,-4.4659,3.9166,-4.0926
115,8.6702,-1.5086,5.1302,-2.8913
116,-0.69539,0.29653,0.21431,0.87711
117,-3.8697,0.95343,3.8023,4.044
118,-1.252,0.77239,-1.1859,2.2635
119,8.8792,-0.53751,1.3754,-1.9136
120,0.86899,0.82412,1.581,-2.3138
121,3.199,-2.9452,-0.89409,-1.8219
122,1.1856,0.11033,1.0552,-2.6411
123,6.8575,0.28231,3.6077,-1.1622
124,3.0976,-2.6892,-0.40857,-2.9607
125,9.9883,-5.2263,-0.91718,1.1804
126,1.4422,1.4008,3.5829,1.0219
127,-3.9586,1.3517,3.6922,4.3439
128,11.8796,-6.9978,-1.4275,0.41613
129,-0.57123,-0.67587,0.94732,7.1903
130,-8.3828,-1.2823,-3.5637,12.393
131,8.1673,-1.4621,4.5459,-2.4586
132,4.2357,0.3211,1.3566,2.1341
133,-4.8774,0.34179,-1.3887,6.4774
134,-3.3585,1.3569,0.16358,1.3749
135,2.4768,-0.66165,-0.29858,-2.9512
136,7.2051,-1.1608,4.988,-3.2846
137,-0.40155,1.1189,-2.4725,1.4855
138,6.396,0.58102,1.9429,0.092248
139,5.1938,-1.1763,2.1274,-1.7971
140,2.1995,-1.2759,-1.0802,-2.5862
141,1.5249,-0.76121,-0.036127,-1.4089
142,7.232,-2.5909,3.1836,-1.0713
143,3.2921,-3.4392,-1.4427,-1.9702
144,10.665,-4.7672,2.3136,-3.5288
145,7.8611,-3.5569,1.645,-0.87598
146,-0.25256,1.0763,2.0165,5.1707
147,-8.629,0.97153,-3.1158,10.4403
148,-5.5872,-1.722,1.5268,8.6564
149,10.1104,-4.3922,0.57461,-1.6917
150,-3.2634,-0.9849,0.5195,3.0895
151,11.8051,-7.8719,-1.9667,-0.40472
152,11.1512,-4.3444,3.9771,-3.9272
153,3.4597,-3.4276,-0.76794,-3.4405
154,9.293,-4.5396,-7.0364,0.16594
155,1.2766,-1.2642,-2.0754,-0.64206
156,1.6284,-1.4802,-2.4458,-0.88541
157,-3.2634,-0.9849,0.5195,3.0895
158,-0.95612,-0.16639,-2.5724,2.7073
159,7.6376,-1.0341,1.4806,-2.7876
160,1.8519,0.003003,2.031,-3.0121
161,-5.6637,-0.33449,-4.6765,10.969
162,-4.3911,1.137,4.0422,4.7466
163,8.188,-2.5276,-0.27802,-3.1338
164,4.8524,-5.6659,0.7376,-4.7986
165,3.6439,-1.9909,0.52374,-4.0746
166,-4.9705,-0.23751,5.0297,3.5025
167,4.4302,-1.7517,1.2616,-1.3335
168,7.201,0.3211,2.994,-1.2153
169,3.7556,1.0789,5.3586,-1.7345
170,0.090939,-1.4828,-0.95923,6.2204
171,2.9238,-0.65389,-4.0786,0.87026
172,4.2502,-2.6621,1.6408,-4.9023
173,-2.4088,0.47627,-1.2786,4.5735
174,11.1119,-5.0931,3.4591,-4.2039
175,-6.8142,1.1681,-1.8046,6.7019
176,8.2956,-1.4905,4.7072,-2.5605
177,2.2368,0.79438,2.5227,2.7236
178,3.2673,0.25128,3.3848,0.90967
179,2.69,-1.0224,-3.4605,0.16165
180,-6.3487,0.42584,-1.7886,5.6154
181,2.4272,-1.0871,-3.8053,0.6809
182,-13.0304,-3.0345,-4.4775,17.0834
183,-4.7077,-1.5487,1.5799,7.9186
184,12.1983,-8.5482,-2.6989,0.67661
185,2.1064,1.5625,4.7285,-0.28305
186,-1.7776,0.35214,-0.13144,8.3316
187,-10.51,-1.9547,-2.7611,9.0239
188,-4.7864,-2.1203,1.6032,8.5193
189,3.6832,-1.7207,1.7425,-4.0129
190,1.4111,0.89782,3.9294,1.8076
191,0.96417,-1.0483,0.52855,4.0243
192,-10.3258,-2.1138,-2.9662,8.784
193,0.30407,-0.2957,-3.5359,0.6569
194,-3.2634,-0.98492,0.51947,3.0895
195,-13.0552,-2.3052,-3.8203,16.9583
196,3.3087,-2.1978,-1.7064,-2.2829
197,7.3914,-7.3987,-5.3012,0.029699
198,-5.5168,-0.4082,-4.3773,10.939
199,7.2755,-1.2099,4.1542,-2.4766
200,10.7726,-4.3276,0.58836,-1.3884
201,3.3707,-3.6965,0.90407,-4.4987
202,6.7333,-0.9332,0.045304,1.0708
203,5.6221,-1.1556,2.9695,0.27561
204,-1.0244,0.64955,-0.014902,-0.94024
205,4.7282,-5.2159,-4.2091,-0.49126
206,3.9543,-2.5017,1.7331,-4.7412
207,3.8653,-1.2797,-2.588,-0.3336
208,1.7298,-0.1457,0.74067,-3.1963
209,-4.4553,-0.9888,0.3292,4.5718
210,9.4668,-3.9202,5.438,-4.9417
211,7.3707,-6.7754,-4.4779,-0.31218
212,-2.2039,0.56421,-0.21888,-0.0954
213,-6.8825,0.70774,-2.5665,7.5416
214,0.70138,0.0055892,0.18868,-0.51182
215,-0.020802,-0.44699,-0.39416,-0.066267
216,6.0794,-2.2302,2.1464,-0.5778
217,12.161,-3.7418,-2.484,2.8204
218,0.89589,-0.11596,1.2262,5.7568
219,11.2216,-3.4405,-1.9458,1.9079
220,6.3671,0.049554,1.8314,-0.036278
221,1.2953,0.62627,-1.1497,7.701
222,-1.5707,0.49826,-1.4628,2.4357
223,-3.1371,-0.37458,3.1219,1.9259
224,9.3592,-3.3526,2.4008,-3.3565
225,4.8586,-4.8668,-3.4083,-0.76888
226,10.367,-4.0211,5.504,-4.413
227,11.3044,-4.4194,2.8084,-3.3394
228,0.47789,0.57714,0.50813,-1.9804
229,6.0815,-2.0116,1.9157,0.23705
230,-6.3011,1.106,-0.62684,4.7843
231,-5.7155,1.0233,-0.71868,3.8298
232,9.7979,-2.8224,2.3925,-3.0361
233,6.0691,-5.4668,-4.3667,0.57208
234,6.0649,-0.68234,3.9102,-2.4534
235,-5.7382,0.3211,-0.81479,4.3919
236,2.212,-0.11725,1.5904,-3.1183
237,-12.931,-2.5677,-3.5801,13.1779
238,-7.2405,-0.57113,-3.3582,11.4419
239,-5.5541,1.547,-0.37013,4.7749
240,6.2698,-5.5457,-4.2249,0.15822
241,10.8305,-4.122,2.9163,-3.3437
242,1.0635,-0.8388,-1.5732,-0.71232
243,9.7752,-3.4638,3.5761,-3.9795
244,8.8171,-3.725,-6.7526,-0.061983
245,11.5175,-5.375,-2.3242,1.8231
246,-0.15531,-0.088807,-0.40951,0.060545
247,-0.50087,0.47498,-0.69078,-0.35417
248,8.5977,-1.281,5.0185,-2.9375
249,5.7525,-0.30087,3.1896,-0.18537
250,3.7349,-4.3741,0.11686,-4.4379
251,7.4431,-3.0332,1.105,0.41099
252,-6.479,0.87325,-1.5228,5.7568
253,-6.5908,0.54998,-1.8343,5.6429
254,3.288,-2.2224,-1.6637,-2.2701
255,-13.7732,-2.0323,-3.3793,17.9274
256,1.7733,-0.68104,-0.49948,-2.2469
257,9.4979,-5.2689,-1.3274,2.4408
258,0.35581,-0.37846,-3.3553,2.6473
259,10.4725,-3.2013,2.3729,-3.0087
260,-0.3912,0.42972,-2.5899,0.93452
261,-6.8391,-0.44829,2.3678,8.4207
262,2.3133,-1.4905,-1.3946,-0.44499
263,-6.7563,-0.55044,-1.8356,5.0585
264,0.32684,1.1797,5.2012,0.17965
265,-4.8795,-2.1086,1.4479,8.3428
266,5.856,-0.32544,0.94225,1.8762
267,7.6438,-0.87371,0.24835,0.9885
268,1.7733,-0.39915,-2.7914,6.7756
269,11.9603,-5.4435,-2.3361,3.0835
270,-5.6575,0.65214,-2.5754,6.103
271,2.7955,-2.3491,-1.7063,-2.378
272,9.2682,-1.356,2.5605,-3.5913
273,9.591,-3.3487,3.7352,-3.9032
274,1.9036,-2.5095,-3.7244,-0.035421
275,-6.448,-0.20777,-2.1786,6.0344
276,8.724,-4.5965,-0.7056,2.2215
277,-10.7666,-1.0043,-1.7713,10.2184
278,2.9672,1.4551,6.0919,-1.3267
279,-12.9724,-2.684,-3.73,12.9817
280,-8.0972,0.65084,-3.8073,10.1772
281,10.2925,-4.0392,1.162,-1.2821
282,11.1078,-4.2539,4.3483,-4.0857
283,3.3252,-3.5737,-3.6085,-0.51954
284,-3.7724,0.019813,3.9479,2.883
285,1.3925,0.41421,2.4673,1.7125
286,0.81519,1.0245,3.8027,2.1041
287,-0.64572,0.89136,-0.26654,-0.42014
288,-5.4485,0.88231,-2.286,5.8039
289,10.3753,-4.1633,0.54777,-1.5435
290,8.6805,-3.703,-6.2003,0.0091344
291,10.0276,-4.0819,3.884,-3.9298
292,6.9941,-0.12889,3.7022,-1.8511
293,3.8943,-4.3418,0.53936,-4.8166
294,3.2135,0.78662,1.3562,4.3465
295,-3.3585,1.0905,4.8906,3.4202
296,-1.3679,0.52283,-1.6641,1.997
297,1.6222,0.71679,2.4012,3.0312
298,10.2614,-4.3056,4.1757,-3.8552
299,-6.2286,-1.1543,-3.5916,10.2389
300,7.6397,-1.2384,4.6562,-2.4243
301,5.6863,-0.23751,3.6582,-1.7157
302,-0.24842,0.41938,-0.52645,-0.45613
303,7.052,-3.1508,0.051979,-2.0541
304,-12.8793,-3.3125,-3.9411,13.0597
305,3.9543,-4.4853,0.60731,-4.772
306,2.6651,-0.7819,-3.9172,0.78886
307,2.4913,-0.62156,0.066129,-2.9401
308,10.6877,-4.109,3.4642,-3.4071
309,2.4975,0.96894,4.4549,1.0313
310,5.6945,-0.026738,1.518,0.094818
311,1.0366,1.0013,3.9719,0.75973
312,-12.5668,-0.75216,-3.506,15.1606
313,3.5673,-3.8116,0.48797,-4.3882
314,1.5994,1.6401,4.8851,-0.00029081
315,-0.14289,0.35084,0.39012,-0.031994
316,3.2569,1.1668,5.2868,-1.3721
317,7.2093,-1.4944,4.5707,-3.2794
318,6.6257,-2.2134,2.0843,0.48382
319,9.2206,-6.8103,-0.2062,-3.7044
320,3.5487,-0.36424,1.6406,1.3964
321,3.2673,-3.0888,-0.27068,-3.5562
322,10.0214,-4.9159,3.8417,-4.2699
323,3.11,-3.0358,-2.5463,-0.83228
324,-8.2731,1.1629,-2.9498,10.2646
325,2.8927,-3.0603,-0.36506,-3.6461
326,9.082,-0.96811,2.7206,-3.3111
327,9.6013,-6.9642,-6.5235,-0.25392
328,4.1985,-3.9642,-2.9821,-0.5898
329,10.0525,-3.7366,3.7831,-3.8869
330,10.8512,-3.9784,2.8232,-3.1466
331,2.9093,0.11033,1.6988,2.9044
332,-6.4625,-1.5216,-0.16108,8.3573
333,-6.8825,0.057313,-1.8219,5.4681
334,0.45927,1.6181,4.0047,1.3621
335,-0.43673,-0.43018,-2.3675,1.692
336,-2.1915,1.1409,4.0215,2.4648
337,0.90417,1.6892,3.9994,1.1693
338,0.18406,1.5806,-1.366,0.90539
339,-5.1423,-1.2487,2.2517,4.2916
340,-5.7134,0.45946,-2.7908,5.953
341,3.0293,-0.068117,0.75736,2.9164
342,-0.045633,0.23447,0.66365,-0.18794
343,-6.6301,-0.42113,-2.8391,10.4849
344,0.25234,1.7758,-1.3066,0.7623
345,0.40133,0.65343,4.0552,1.4563
346,10.0856,-3.8142,5.6272,-4.2931
347,5.3904,-0.061652,5.8519,-2.4037
348,-4.4222,-1.7349,1.3419,8.09
349,8.993,-4.572,-6.9599,0.2182
350,0.42202,-0.064238,-3.1366,2.6225
351,3.0128,0.56421,3.5912,0.72888
352,8.0432,-4.4983,-5.1661,0.044265
353,2.5761,-0.18967,1.2999,2.0107
354,-5.4237,-1.2526,3.757,3.8255
355,-3.3896,1.4771,4.6765,3.4896
356,9.293,-2.1978,0.87256,-0.7843
357,5.8332,-4.9379,-3.9934,0.54723
358,-0.85679,0.044382,-2.2811,2.7185
359,3.2859,0.087054,1.6349,2.8753
360,-6.8411,-1.0172,-3.1128,10.7402
361,-4.4118,-0.81682,3.0672,3.8238
362,-6.6611,0.5461,-0.9854,5.8245
363,7.1224,-6.4172,-4.1479,-0.083404
364,7.5279,-2.6478,2.5328,-0.41929
365,7.1017,-0.41337,0.64295,0.3493
366,-8.2131,0.96765,-3.5681,10.083
367,0.29166,0.83834,0.75896,-1.6506
368,2.0981,0.12843,1.2198,-3.1954
369,3.1286,0.64696,0.64215,4.2933
370,4.573,-0.18967,0.33111,2.057
371,-10.1499,-1.2332,-1.5449,9.6152
372,9.531,-6.8517,-6.4247,0.022844
373,-8.2917,0.38059,-3.7573,10.3032
374,6.125,0.47886,1.602,0.52924
375,4.8503,-6.1043,0.6818,-5.2133
376,-2.5929,0.303,3.0333,2.3183
377,3.9605,0.40774,5.1731,-1.983
378,-4.4553,0.0042961,4.5691,3.1769
379,10.0131,-4.3276,4.8368,-4.3239
380,7.1306,0.21248,3.5982,-1.3035
381,10.1683,-4.6056,3.9663,-4.1131
382,-0.77402,0.00171,-2.5346,3.3602
383,-3.2675,0.21766,4.1927,2.5839
384,2.8907,0.79825,3.1557,0.59693
385,0.9021,0.42714,1.0117,-2.3506
386,-2.0777,0.60688,-1.3414,2.8093
387,7.6045,-1.8461,2.1059,-0.47755
388,4.095,-2.1112,2.2279,-4.8037
389,-6.3445,0.16981,-1.6244,4.6575
390,8.2315,-1.5694,5.1776,-3.2511
391,11.532,-3.2737,-2.2527,2.5899
392,3.8963,0.86291,5.0452,-1.4304
393,0.70965,-0.44441,0.37984,0.75716
394,-1.7673,-0.12372,-0.69745,-0.34474
395,-13.6594,-2.4927,-3.5985,17.6052
396,8.0349,-2.1888,1.2706,-0.19651
397,3.5839,0.39481,4.0632,0.72545
398,-13.289,-3.2194,-4.4861,17.3087
399,-3.3316,0.8267,3.0632,5.1305
400,0.7097,-0.4444,0.3798,0.7572
401,-3.7455,-0.71208,3.6181,2.8273
402,-3.2634,-0.9849,0.5195,3.0895
403,-3.9173,0.36119,3.4647,3.9746
404,1.1814,-0.81165,-2.1234,-0.55552
405,-12.1737,-0.61639,-3.4917,14.3689
406,2.752,-2.353,-1.8215,-0.72261
407,9.1565,-4.1814,0.81356,-2.1492
408,6.2636,-0.36165,3.4312,-1.9513
409,2.4954,0.36119,4.2772,0.48554
410,-1.9163,-0.11984,-1.3414,-0.15538
411,-10.452,-1.7323,-2.6685,9.1139
412,2.7748,-0.71984,-4.1429,0.68261
413,-4.3497,0.7517,-0.47465,1.9901
414,8.7095,-3.6345,-6.1632,-0.21621
415,-5.1154,-1.4297,1.9572,8.6127
416,0.13853,1.1435,5.2756,0.12138
417,-2.0114,0.066365,-0.91318,-0.19565
418,-12.751,-3.2168,-4.6338,16.7166
419,2.0299,-0.083634,2.0466,2.1761
420,-4.807,-0.49225,4.1038,3.3491
421,6.8575,0.075416,2.7744,-1.0671
422,0.23579,1.437,2.3969,4.8477
423,-7.1122,-0.083634,-3.1273,11.3897
424,10.1787,-4.4245,4.616,-4.2185
425,11.6541,-7.1025,-1.4217,-0.057699
426,4.0371,-1.8228,-3.2854,-0.45356
427,-9.3677,-0.10303,-2.0042,9.3333
428,-6.3321,0.14266,-1.749,6.0987
429,-2.7957,0.67412,4.1197,2.0707
430,10.1373,-5.4707,-2.6479,-1.331
431,9.7669,-1.7853,1.0284,-1.3687
432,9.5227,-3.5944,3.4566,-4.0112
433,3.9439,-2.1203,-3.5741,-0.07912
434,8.5481,-2.1784,1.5456,0.4187
435,2.781,0.34179,3.7635,0.66119
436,2.4954,-1.1039,-4.0679,0.79571
437,0.91244,0.39352,3.3299,1.5806
438,9.0488,-2.0789,-0.2951,-0.52725
439,9.3613,-1.2461,3.534,-3.6316
440,0.39305,-0.13794,-0.092194,-0.32846
441,0.31235,0.068951,-2.9883,0.45041
442,8.3908,-3.7405,-0.38214,2.1624
443,0.23165,2.0564,3.8213,2.0133
444,10.1621,-4.0172,3.9362,-3.8235
445,-0.445,0.27843,4.1665,0.23448
446,9.5082,-3.0086,2.3952,-3.1783
447,6.6754,-6.5775,-4.8392,-0.24278
448,3.5011,-1.7841,0.59823,-3.9795
449,-7.3192,1.2289,-1.5078,7.8981
450,-4.5939,0.57196,2.9571,5.9068
451,-3.0958,0.24481,3.5862,2.8093
452,9.3261,-6.2543,0.25035,-3.6873
453,1.7712,-0.4638,-2.8833,0.68946
454,6.185,-0.033204,3.8384,-2.0439
455,-12.989,-2.7202,-3.3863,13.0545
456,10.5387,-4.2797,5.2418,-4.1174
457,7.9852,-1.872,3.7935,-2.5477
458,8.126,-5.0142,-5.637,0.13081
459,1.5932,-1.678,-2.1668,0.045122
460,5.6573,-1.4892,2.6718,0.72974
461,-9.3264,-0.85949,-2.258,9.3727
462,-5.1278,1.4797,-0.63298,4.5624
463,-12.9372,-1.6806,-4.4018,15.6559
464,-3.2468,0.83705,3.9232,3.4579
465,-4.4615,-0.15087,3.2585,3.8024
466,3.5984,-0.43406,1.1472,1.9387
467,10.1456,-3.6991,5.4188,-4.084
468,1.4173,-1.1246,-0.56877,-1.4252
469,1.7981,0.2099,2.0177,-2.9581
470,-4.9933,-0.53104,-4.8426,10.4052
471,-0.3105,0.44653,0.55939,0.18307
472,3.5363,0.41938,2.3066,0.57551
473,3.5073,-3.8491,-1.8974,-1.7842
474,-4.416,-0.13924,-2.6406,5.983
475,2.6962,0.54739,0.86202,4.2908
476,9.7007,-3.4379,3.4805,-3.7541
477,1.2539,-1.0728,-1.8448,0.27218
478,3.9833,1.0103,5.262,-1.5572
479,-12.0206,-2.7552,-2.8957,11.9149
480,2.2947,0.18404,1.5902,3.2403
481,-9.1567,-0.73018,-3,9.5766
482,-7.2136,-0.94613,-3.2305,11.6433
483,0.27717,0.33662,4.9294,0.20792
484,6.4416,-0.69139,2.4391,-0.80743
485,-12.8048,-1.281,-3.8483,15.6824
486,3.4514,-0.94742,-4.577,0.66719
487,11.6541,-5.2107,-1.9922,2.6542
488,3.5715,-1.4957,-4.9462,0.82742
489,0.45513,0.21766,-2.7338,2.4391
490,-9.6699,-0.34872,-1.3968,9.4652
491,6.8223,-0.46898,3.5152,-0.67377
492,-4.3415,-0.29829,3.2697,3.6884
493,5.9946,0.84998,2.2034,0.53009
494,8.1653,-2.2586,1.9358,-0.023425
495,-8.3041,-1.5099,-4.0218,12.555
496,-2.1253,-0.19225,-1.4094,-0.10397
497,11.921,-3.3241,-1.7599,2.6756
498,9.4006,-1.0509,2.8261,-3.3034
499,-6.7584,0.62369,-0.72068,5.8408
500,11.9458,-4.8978,-1.7559,3.0946
501,0.66206,-0.28406,2.7659,4.1494
502,7.6624,-3.1108,1.8993,0.15394
503,4.8027,0.62627,1.7452,2.0878
504,-4.0021,0.6017,-0.60975,1.8471
505,-0.98922,0.39481,-1.4233,2.3586
506,-2.4212,1.6168,4.5597,2.6413
507,3.3294,0.64955,4.3435,0.83598
508,2.4003,0.73231,3.577,1.8908
509,3.9957,-3.9047,-3.6227,-0.35845
510,8.7902,-0.65259,1.4507,-2.2324
511,2.8658,-2.4319,-0.55008,-1.6488
512,0.45927,-0.45734,-3.5798,2.3457
513,-0.19048,0.003003,-1.0116,-0.90597
514,6.3319,-0.020273,3.5189,-1.7791
515,-4.4698,-1.8073,1.7257,8.2219
516,1.0925,-0.59958,-1.6176,-0.35502
517,-13.0635,-2.8017,-4.244,17.1116
518,0.039207,-0.23105,-0.83121,0.05369
519,3.4825,-1.3961,0.84546,-3.6307
520,10.816,-4.2888,2.6917,-3.3
521,9.0861,-1.4996,0.77124,-1.2281
522,-6.2535,0.59912,-1.5252,5.3524
523,8.9847,-2.4332,0.12326,-0.9351
524,1.9367,-0.80518,-0.24745,-2.4697
525,1.9036,1.022,-1.1313,7.5339
526,-4.8091,-2.0659,1.742,8.2142
527,-7.2447,-0.1276,-1.5681,6.5537
528,1.0656,0.94955,-1.6952,8.8294
529,-6.4749,-0.41855,1.8216,8.0514
530,-12.7407,-0.14182,-3.2692,15.5573
531,1.5705,-1.122,-1.9389,0.045979
532,1.8457,-1.3806,-1.1306,-1.3575
533,-0.31257,0.41291,-1.0833,1.2815
534,0.22337,0.97024,0.12126,-0.47327
535,-0.24428,0.41809,-2.4198,0.70146
536,-0.99543,-0.15475,2.486,5.3404
537,-6.4625,0.31981,-1.7589,8.4773
538,2.4747,-1.0276,-0.64326,-2.9452
539,-12.8007,-0.95647,-4.0214,15.6199
540,-6.388,0.79955,-1.0292,5.5255
541,4.0743,-2.6129,1.208,-4.7635
542,-9.6036,-0.97716,-1.8554,7.7764
543,-3.462,1.1008,0.55298,1.7048
544,10.8408,-4.0974,-1.5222,2.7827
545,8.7488,-1.3858,1.6849,-1.2641
546,6.4002,0.6961,1.1558,1.5506
547,0.6393,-0.58277,1.0987,5.989
548,7.2072,-0.94742,3.7731,-1.6814
549,-9.0367,-0.12243,-1.8187,9.0162
550,7.2589,-7.3004,-5.2049,0.070827
551,2.5761,0.5655,3.7791,1.3098
552,1.2394,2.1547,3.5438,1.997
553,5.5787,-0.056479,5.7823,-2.4089
554,7.7762,-1.9353,0.89566,-2.7473
555,6.7768,0.38576,2.5635,-0.61979
556,7.1906,-2.4565,0.96788,1.2798
557,-1.7052,0.32757,-2.564,1.5026
558,7.2569,-0.86078,4.1454,-1.9153
559,11.0333,-4.8888,-1.8348,3.1863
560,1.8643,0.47369,2.0007,2.6491
561,-5.9741,-0.82846,-3.6053,10.0916
562,9.9635,-2.9944,2.2526,-3.1749
563,-0.68297,1.1965,-0.21394,0.096532
564,-1.0886,0.48791,0.14329,1.0039
565,-4.836,-0.060358,-2.3518,6.6479
566,5.6159,-0.12501,0.96414,2.2138
567,-2.6281,-0.08622,2.3164,3.1529
568,-0.22773,1.2069,-2.5084,1.488
569,2.7934,-0.86078,-3.2238,0.32274
570,-0.176,1.2922,1.7496,5.1827
571,2.0754,1.2379,4.7114,-0.2702
572,6.6154,-0.90863,2.483,-0.79287
573,3.8943,-4.3948,0.61652,-4.7275
574,7.8859,-1.8384,-1.8584,-1.6643
575,0.60826,-0.23751,-3.0799,2.7039
576,10.3215,-6.1185,-0.12624,-3.7121
577,9.2206,-6.8103,-0.2062,-3.7044
578,3.5756,0.2836,2.2504,0.35273
579,2.3299,0.82929,1.0191,4.9334
580,3.2963,-2.4642,-2.2677,-2.2563
581,9.382,-1.4543,2.4287,-3.2477
582,9.0551,-1.3884,0.77445,-2.4089
583,1.1587,0.12585,2.5068,3.9249
584,2.6217,-1.1595,-3.9933,0.62863
585,1.7774,-0.45346,-3.0193,0.73745
586,-3.4496,1.0879,4.1654,3.643
587,-10.4603,-2.3427,-3.0986,8.9717
588,4.0391,-2.1836,-3.8953,-0.3019
589,1.9326,-0.32415,0.6005,-3.2888
590,1.0594,0.39998,1.3518,-2.3437
591,2.3071,-1.4453,-1.0941,-2.5237
592,-9.5829,0.081882,-1.6001,9.4044
593,7.2672,-2.2431,2.9856,-0.409
594,8.6929,-3.9668,0.01727,1.3989
595,7.1327,-1.1828,0.29961,-0.31475
596,-1.579,-0.028031,-0.11783,8.03
597,7.6955,-1.0767,4.2478,-2.7696
598,8.1818,-5.0323,-5.4808,0.27818
599,-0.60434,1.3776,-2.899,2.6045
600,0.084731,0.45688,-1.005,-0.2462
601,-6.9322,-1.2991,1.04,8.2888
602,3.0604,-2.834,-0.49281,-1.8356
603,7.1782,0.40128,3.7758,-1.5195
604,0.17164,0.36119,0.7049,-1.7859
605,-6.8639,-0.2401,2.0051,8.132
606,7.9294,-3.2646,-6.1536,0.61663
607,-0.38706,0.62627,-0.3481,-0.47841
608,4.0288,-3.8957,-3.9594,-0.35845
609,-2.0404,-0.061652,2.1319,2.5574
610,8.5564,-1.5474,5.1213,-3.3917
611,0.79449,-0.46768,-1.0555,-1.6968
612,3.8922,-4.0069,1.2309,-4.8277
613,0.46962,0.91593,4.0972,1.6671
614,2.5348,-1.2629,-0.75793,-3.0464
615,6.6485,-6.5206,-5.119,-0.049987
616,10.189,-4.1827,4.0962,-3.9323
617,-12.7096,-2.825,-3.793,12.7957
618,3.1928,-3.1832,-0.3489,-3.4054
619,-4.7739,-1.8668,1.9476,8.527
620,-2.1253,0.45171,-2.1979,1.7151
621,0.17992,0.97282,-2.6286,1.7956
622,-5.8396,-0.85302,2.2123,7.7687
623,-2.4584,1.0323,4.0552,2.2806
624,11.6893,-3.2763,-1.9177,2.5454
625,-0.080811,-0.3707,-1.7549,-0.75774
626,-0.44294,1.3763,5.7403,0.38015
627,7.3107,-1.8784,2.8209,-0.81857
628,4.5461,0.22541,1.3114,2.2935
629,9.7793,-3.5323,3.7767,-3.9075
630,-0.10564,1.1358,-2.3629,1.9336
631,2.481,-0.89828,-0.59587,-2.8673
632,-4.1635,-0.078462,3.482,3.5008
633,3.2218,-2.8457,0.11592,-3.4302
634,0.36615,0.48403,0.74054,2.1992
635,-5.79,0.046968,-2.565,6.0122
636,1.7339,0.96765,3.8999,1.6011
637,-3.3772,1.5043,-0.69879,4.1211
638,-1.4403,0.16076,-2.3797,1.1273
639,3.23,-2.5819,-1.979,-1.3575
640,3.1659,-2.7151,-2.3211,-1.0002
641,10.2677,-5.8638,-1.3,-2.953
642,8.6412,-1.3043,0.93611,-1.6351
643,-0.48432,1.7435,-2.0891,1.704
644,1.1028,0.59395,1.0194,-2.3
645,3.5611,-4.4103,0.0096613,-4.407
646,9.0095,-3.3371,2.8523,-3.761
647,-0.031148,1.1151,5.1321,0.32616
648,8.6495,-1.8112,1.1166,-0.96252
649,9.1771,-0.73535,1.5356,-2.2718
650,-3.7972,-0.2957,0.9297,4.6429
651,-3.7724,1.5754,0.74428,1.6131
652,1.4815,0.95343,4.2475,-0.48355
653,5.2807,0.075416,5.7353,-2.2598
654,3.6025,-2.8948,-2.4365,-1.4166
655,2.7644,-2.8573,-2.4621,-0.62578
656,-5.8024,-0.3901,-5.0477,11.244
657,-2.7067,0.86291,3.9899,2.3946
658,-1.4238,0.66119,-1.1667,2.9241
659,6.2264,-1.4466,3.2422,0.12224
660,-13.678,-2.6181,-3.6961,17.5795
661,0.49238,1.8276,4.1373,1.093
662,6.6257,-6.8607,-5.2406,-0.19908
663,3.2776,-3.1457,-2.7723,-0.9351
664,-10.0713,-1.9948,-2.9098,8.4156
665,-6.6073,0.31593,-1.5877,5.8022
666,0.13026,-0.35389,-0.77688,-0.031137
667,0.99935,-0.70044,-1.9881,-0.28562
668,3.6066,-1.5966,1.4501,-4.0557
669,-7.1081,0.31335,-1.4106,5.6454
670,-12.5855,-1.4983,-4.5531,15.4417
671,-4.4449,0.49826,-0.71494,2.2241
672,1.8478,0.42843,2.0153,3.1375
673,-7.8634,-1.8978,-4.2887,11.8387
674,6.9175,0.48403,2.8561,-0.79372
675,-9.3491,-0.28018,-2.5961,9.7942
676,-4.4677,-0.1095,3.9922,3.7304
677,-7.2509,0.36895,-1.1005,6.0139
678,6.9009,-2.7125,1.0235,-2.0062
679,3.9129,-3.8672,1.164,-4.5544
680,0.17371,0.48921,0.30081,-1.7542
681,-3.7972,-0.2957,0.9297,4.6429
682,5.6263,0.19309,4.6014,-2.1235
683,-0.16565,0.51248,4.052,0.45383
684,7.2362,-7.5642,-5.4414,0.10938
685,2.7955,-1.5668,-0.98193,-1.2341
686,8.1115,-1.4724,4.8451,-2.9512
687,1.736,-1.1582,-0.7351,-1.4938
688,7.8694,-3.7883,0.17346,0.26876
689,-6.539,-0.48967,-3.6012,10.5234
690,6.4664,0.228,2.4196,-0.75688
691,3.3604,0.26809,2.5559,2.0321
692,2.9507,0.5461,3.4465,1.0271
693,7.0499,0.41809,2.7213,-0.58808
694,-7.2571,0.9211,-2.2918,7.9597
695,10.8429,-2.9362,-1.5768,2.5462
696,1.438,-1.2862,-2.3277,-0.82114
697,3.0148,-0.147,1.6426,0.22849
698,0.20682,-0.3707,-1.9555,1.2473
699,-0.23601,0.76334,-0.51003,0.020273
700,6.8865,-0.67587,0.39559,1.0588
701,0.0081678,-0.53104,0.85574,6.6042
702,5.4959,-0.50648,4.9264,-2.4774
703,1.8954,-2.4409,-3.551,0.1865
704,-9.4712,-0.60216,-2.9138,9.7668
705,12.7301,-7.6418,-2.4604,0.91738
706,10.9257,-4.1802,4.1195,-3.8929
707,4.873,-5.8741,1.2572,-5.2861
708,-6.179,-1.0741,-4.7331,11.388
709,0.12405,0.14654,0.3434,-0.28733
710,-4.4863,0.50731,-0.89809,2.2009
711,6.0298,-0.065531,3.9262,-2.0156
712,-0.091158,0.50214,-0.61442,-0.31818
713,8.8709,-0.75604,1.9105,-2.3386
714,6.5905,-0.44182,0.88444,0.55837
715,-8.8132,-0.21682,-1.8076,8.7086
716,5.5269,-0.47156,0.49665,1.7785
717,3.8094,-4.0909,1.1644,-4.9408
718,0.3765,-0.82458,-1.9423,-1.2898
719,-4.8153,0.003003,2.6463,6.3549
720,-3.7972,-0.12501,3.583,3.4391
721,10.6567,-5.0646,4.0102,-4.1388
722,6.7975,0.44912,2.6946,-0.40301
723,-4.0952,1.0698,3.3756,4.367
724,8.7778,-0.80647,1.2247,-2.2135
725,-0.010456,-0.53104,-1.7015,-0.99337
726,8.366,-3.8155,0.0071249,0.50781
727,-0.097365,0.061192,-2.6864,0.61663
728,-8.6476,-0.66682,-1.8439,7.6796
729,3.0024,-3.4457,-0.89569,-3.6067
730,2.4541,-0.17027,1.0607,2.5188
731,2.2492,-0.037083,2.9499,1.3458
732,3.3335,0.60429,4.1736,-1.4244
733,-3.104,0.78532,4.364,2.3757
734,7.0541,-6.959,-4.8861,-0.17252
735,0.82346,1.4202,2.0193,4.6369
736,4.9165,-5.3207,-4.2333,-0.49212
737,-8.6849,0.94049,-1.9409,9.155
738,2.6527,-0.65647,-0.30432,-2.7756
739,5.5394,-0.40432,0.4339,2.033
740,-6.4335,-0.89828,1.7747,8.15
741,6.1291,0.55257,1.8373,0.84027
742,6.9878,-7.5887,-6.7387,0.67833
743,6.874,-0.6694,-0.11996,0.91995
744,-3.6276,0.27714,4.5645,2.8684
745,9.4358,-1.859,0.21084,-0.094543
746,8.306,-3.2724,2.093,0.022844
747,-2.8847,-0.15734,3.7818,2.2558
748,-9.0884,-0.10432,-1.8391,9.2416
749,7.4017,-2.5302,2.7391,0.071684
750,7.6335,-0.37458,4.6499,-1.9427
751,8.3681,-1.6509,1.0652,-1.4004
752,9.4317,-1.6728,0.92703,-0.66263
753,-4.7429,0.11162,-2.2617,6.3489
754,6.665,-7.0107,-6.2815,0.52581
755,10.2035,-5.6038,-1.2528,2.1787
756,0.83381,-0.56984,1.143,5.4552
757,8.5233,-0.91639,-4.2859,3.1392
758,0.66206,1.8922,3.4359,2.1041
759,-5.0967,0.17498,-1.5322,6.6779
760,10.1373,-5.4707,-2.6479,-1.331
761,-2.3549,0.48274,3.9529,2.3792
762,3.3004,-1.444,-4.9447,1.063
763,1.9223,0.89136,-1.5075,7.1466
764,7.081,0.22283,3.3004,-1.3258
765,1.7836,0.61334,3.2718,2.1161
766,9.411,-4.8629,-0.96511,1.7305
767,-4.8298,-0.25174,4.65,3.4553
768,8.6164,-4.3289,-0.69572,1.8419
769,10.0669,-4.1284,0.32444,-1.1982
770,2.7355,-0.1832,2.1881,1.3278
771,10.9278,-5.0284,3.82,-4.0112
772,10.8264,-3.4198,-2.0897,2.3603
773,10.727,-5.6504,-1.1193,2.0938
774,-5.1671,0.052141,-0.539,3.4399
775,0.72,0.64438,3.5251,1.6928
776,-2.8061,0.67412,4.2134,2.0116
777,9.5331,-2.7746,2.4235,-3.0789
778,9.293,-1.9638,-0.0068919,-0.41243
779,8.6329,-1.3082,2.565,-2.9941
780,7.4907,-1.7414,2.3718,0.015989
781,9.8869,-3.7483,4.4338,-4.6795
782,-2.9178,0.22283,3.0934,2.2232
783,9.262,-1.872,1.9818,-3.521
784,10.9795,-4.4039,2.7831,-3.557
785,-4.5753,0.21507,2.4226,5.947
786,1.5663,0.78403,-1.3931,7.5382
787,-0.099435,0.48662,-2.2625,2.8127
788,-1.1817,0.7336,-0.17296,1.3818
789,7.7597,-1.2216,4.8278,-2.4491
790,2.1085,1.6543,4.7432,0.1368
791,3.8425,-4.1323,0.96708,-4.9314
792,9.1751,-6.0422,-5.873,-0.27448
793,9.5413,-4.003,3.106,-4.2536
794,-6.8453,2.1353,-2.5701,8.9999
795,10.547,-4.0327,0.89606,-1.4175
796,3.8384,-1.2138,-2.0529,-0.79544
797,-9.2498,-0.50001,-2.4349,8.9922
798,3.1328,-2.9388,-0.8471,-3.0112
799,-7.9234,0.74394,-0.55355,6.7156
800,2.4106,1.6245,4.9342,-0.17594
801,-4.0062,0.91722,0.0031201,1.7956
802,6.6299,0.86937,3.245,-0.63435
803,3.7432,-1.2953,-2.41,-0.40215
804,5.2683,-0.52716,5.3063,-2.8904
805,9.1937,-1.872,0.5734,-0.9094
806,2.1375,-1.3974,-1.2792,-0.47584
807,-7.0315,0.61334,-2.234,7.4936
808,0.31028,1.4189,-1.8483,0.77344
809,-7.3047,-0.59053,-2.4824,6.839
810,-4.0766,0.31981,4.6054,2.7587
811,10.0007,-3.1095,2.8672,-3.2049
812,11.174,-4.7401,4.0446,-4.3582
813,-0.49881,1.1189,5.1129,0.62863
814,0.33511,2.1625,3.9772,2.2566
815,11.3602,-7.0495,-0.78289,-0.37644
816,3.8012,-3.7483,1.5514,-4.9143
817,-4.3063,0.18274,3.3577,6.0241
818,9.2185,-4.8448,0.27451,-3.2863
819,-3.1082,0.52024,3.8244,2.4537
820,-0.30636,1.3763,-2.2804,1.3347
821,3.3128,-2.8974,-2.2501,-0.88369
822,1.2435,0.90429,2.0421,4.2171
823,4.7054,0.081882,1.594,1.3758
824,12.3783,-7.5836,-2.341,0.70403
825,4.0308,-3.9125,1.2279,-4.6435
826,6.1415,0.56938,2.0139,0.37929
827,-0.50501,0.53705,-3.3458,2.6328
828,-3.7083,0.41291,3.2403,5.2804
829,-3.7414,-0.63578,1.1432,5.5777
830,-5.4982,-2.8715,0.7057,8.3368
831,6.5678,-6.6797,-5.9034,0.67661
832,-10.5245,-0.5026,-1.48,9.9176
833,1.1483,2.0862,3.3951,2.1401
834,-0.32706,0.6017,-3.3604,2.1324
835,6.8016,-7.5344,-6.5773,0.85483
836,3.4225,-1.7116,0.98296,-3.9692
837,10.6939,-2.9026,-1.3612,1.7022
838,-0.32912,0.23317,-0.74324,-0.42785
839,2.4768,-0.040962,2.0962,1.9379
840,-7.1164,0.16723,-1.6988,5.7902
841,8.8109,-0.92285,3.4776,-3.1886
842,1.8188,-0.56725,-0.10234,-2.2169
843,2.6755,0.71679,4.0296,0.80685
844,-0.097365,1.0426,-0.53072,-0.21793
845,0.89589,0.65472,1.5631,-1.9702
846,-9.0408,-0.86983,-2.4554,8.862
847,0.7097,-0.4444,0.3798,0.7572
848,8.9599,-1.0379,2.9742,-2.9024
849,3.0914,-2.6711,-2.2482,-2.3969
850,-5.2271,0.91722,-2.2987,5.63
851,7.5403,-0.92544,0.83292,0.65005
852,3.3583,-3.5646,-1.6386,-1.7302
853,4.5502,-2.7254,2.1943,-4.976
854,5.8746,-0.30087,5.8862,-2.8167
855,-2.2122,0.099985,-0.87874,-0.051701
856,-6.0817,-1.0147,-3.9297,10.0958
857,6.8699,-0.73147,3.4669,-1.0568
858,7.8901,-0.48708,5.7867,-2.6196
859,4.1198,-4.1414,0.67886,-4.569
860,1.4608,1.9284,3.6244,1.3501
861,0.80277,1.1875,4.8265,1.6371
862,-1.3679,-0.40303,-0.45062,7.0858
863,3.2404,-2.7784,-0.23356,-3.0669
864,-0.64986,0.72326,-0.33729,7.6659
865,2.8596,0.57196,2.8237,0.19678
866,-6.897,-0.47156,-2.1241,5.5992
867,-4.1097,0.98963,3.1377,4.5701
868,-4.6063,-2.7099,-0.64472,8.347
869,5.5642,-0.16769,0.86736,1.6765
870,5.8249,-1.4944,3.1452,-0.51439
871,-0.35809,0.99868,5.0617,0.44698
872,10.8802,-4.3237,-1.2537,1.931
873,3.6873,-3.8918,-2.0149,-1.9385
874,-6.6259,1.8198,-2.9915,8.6521
875,2.2637,-0.11855,0.88992,-3.1046
876,-0.46156,0.90946,0.20977,7.7267
877,-6.9591,1.5289,-2.5373,8.8054
878,10.4642,-4.3379,5.591,-4.3839
879,10.3566,-3.6991,3.3583,-3.7301
880,-1.0554,0.77757,-2.5919,3.8949
881,3.0645,0.58619,2.6719,0.37158
882,7.6397,-1.1698,4.0715,-2.0824
883,3.8467,-1.175,-2.0285,-0.63435
884,3.3107,-4.012,0.33325,-4.5081
885,0.070246,-0.50648,-1.5055,6.8681
886,8.995,-4.0327,3.8197,-4.383
887,-0.99336,0.88619,0.31803,1.0947
888,-9.8809,-1.0806,-1.5572,8.1088
889,12.1176,-7.7581,-2.2623,0.28846
890,4.9869,-6.3913,0.26877,-5.1508
891,4.3019,0.33791,3.6667,0.55923
892,-0.7078,0.71808,-3.38,2.5325
893,0.22958,-0.3332,-3.5933,0.7126
894,-0.84851,0.097399,-1.8629,2.5377
895,0.73242,0.03533,0.26637,-0.67891
896,2.6962,-1.3121,-0.9607,-3.1226
897,1.8126,0.70127,-1.1391,6.9144
898,-4.2007,0.16981,2.7161,4.1914
899,10.3877,-3.9151,0.66018,-1.4029
900,-0.78437,0.76205,-2.3898,3.0141
901,1.7236,-0.77027,-0.60254,-2.1501
902,6.276,-2.4746,0.11739,-1.5495
903,-8.509,-0.95518,-3.7181,12.363
904,9.0861,-1.0224,2.8033,-3.3668
905,5.8394,0.066365,0.96441,2.3235
906,3.8156,-3.8194,-3.8952,-0.31304
907,10.8305,-3.0901,-1.8411,2.769
908,8.666,-0.44699,3.6216,-2.8073
909,10.2677,-5.8638,-1.3,-2.953
910,0.99935,0.097399,0.6005,-2.2126
911,-0.82368,0.74524,0.37637,0.78543
912,-8.7904,-0.45475,-1.7101,7.9735
913,2.6217,0.40257,2.5581,1.8513
914,3.4183,-0.066824,3.2692,0.20706
915,0.40961,1.1952,3.2414,1.4015
916,3.7411,-4.2526,-0.071503,-4.5415
917,8.3846,-0.90345,1.1811,-2.0567
918,0.60412,-0.059065,-0.11716,-0.38587
919,2.4727,0.21636,0.95626,4.4578
920,0.929,0.6767,3.9382,0.78543
921,-0.63331,0.36507,0.46901,7.3848
922,7.5031,-7.5034,-5.0301,-0.13396
923,6.9858,-0.35001,4.7965,-1.9967
924,9.8021,-3.7133,3.359,-3.8209
925,7.7949,-0.92544,5.681,-2.6848
926,8.6888,-0.7819,3.2051,-2.9033
927,0.23165,1.1823,4.0329,0.89082
928,10.2242,-4.0159,0.49571,-1.097
929,2.9983,-1.6185,-1.0112,-1.1664
930,0.68896,1.2095,4.9249,0.77344
931,7.7556,-3.0771,1.9265,-0.16823
932,-1.6038,0.75558,-0.048008,8.4756
933,12.5025,-7.5487,-1.3885,0.69118
934,-1.1506,0.57843,-0.1269,-0.95138
935,3.5446,-2.8483,-2.4941,-1.3721
936,6.5988,-0.56466,0.38478,-0.3336
937,-9.2829,-1.7168,-1.7322,7.719
938,10.1538,-4.2228,3.8481,-3.8561
939,9.322,-4.3793,-0.2361,2.1307
940,-0.89818,0.69222,0.3223,8.0883
941,-13.4587,-2.7771,-3.7503,17.5932
942,-6.8267,0.59007,-2.7083,7.5339
943,3.1928,0.29653,4.5679,-2.1055
944,-9.0408,-0.98233,-2.8267,9.0694
945,3.2714,-3.2608,-1.2846,-1.7671
946,2.2947,0.35084,3.0329,2.1135
947,6.5078,-0.87242,0.1848,2.0133
948,4.2854,-2.9013,1.296,-4.8457
949,4.2067,-2.3931,1.6799,-4.5398
950,9.8869,-4.3664,3.6894,-4.0788
951,3.4018,-3.5569,-0.77848,-3.4859
952,-2.6384,0.10645,3.866,1.9242
953,1.9678,-2.1125,-2.799,-0.42357
954,-5.8396,0.68705,-1.1022,4.5641
955,10.2677,-5.8638,-1.3,-2.953
956,8.933,-1.1272,1.1588,-2.0807
957,2.3258,0.54998,0.68087,4.9085
958,-0.8092,-0.67975,2.1752,5.1022
959,0.8545,0.027572,-1.7781,7.1303
960,-2.2122,0.27972,-1.5621,4.2591
961,-6.5721,-0.16381,-3.5895,10.5251
962,7.739,-2.5405,3.2294,-0.37816
963,-3.7972,-0.2957,0.9297,4.6429
964,-8.4986,1.2379,-1.6514,9.1122
965,6.8161,0.76076,4.2188,-1.2804
966,1.5519,1.031,-1.3389,7.0806
967,5.2186,0.5461,6.8248,-2.5425
968,1.1814,-0.82716,-2.1059,-0.53324
969,8.5233,-3.9306,0.040498,1.4461
970,-6.5411,-0.033204,-1.239,4.8151
971,3.706,0.35214,3.8644,0.70403
972,11.4037,-5.5793,-2.7419,2.5394
973,6.6899,-0.38751,3.4893,-1.2042
974,3.8963,-1.1672,-2.8829,-0.1888
975,11.4534,-3.9629,-2.7143,2.1092
976,-12.2378,-2.1603,-3.0061,11.9552
977,-6.1604,0.48533,-1.9116,5.606
978,6.4478,-6.6176,-6.3979,1.0836
979,3.0728,-2.9155,-0.28015,-3.3857
980,7.6293,-3.2233,0.56953,1.5754
981,5.7918,-1.5759,2.6213,0.065686
982,2.5161,-0.30993,-3.7747,0.83341
983,-3.073,1.2741,4.3848,3.0423
984,-8.4386,0.96894,-1.4454,8.8483
985,-0.0249,-0.5621,0.5706,1.2421
986,-0.38913,1.9103,-1.6029,1.62
987,7.5859,-1.6677,2.6415,-0.28562
988,11.0271,-4.1013,5.2423,-4.353
989,7.3272,-1.4543,-0.53966,0.46583
990,11.2195,-4.0819,4.1605,-3.6136
991,0.11784,0.59524,0.15423,-1.6823
992,-6.3011,0.19567,-1.8387,5.6506
993,-5.1009,1.3866,-0.93587,4.5367
994,2.9569,-3.1457,-0.70346,-3.5947
995,-1.4093,0.36507,-2.0336,1.1582
996,3.2321,-3.1004,-0.77995,-3.282
997,7.6583,-2.9155,-5.8818,0.5558
998,-5.1464,-1.1181,-5.2943,10.3332
999,0.66827,1.0271,1.4378,-2.0267
1000,-5.0326,-0.57889,2.7365,6.6608
1001,0.14267,-0.48579,-1.4781,-1.1622
1002,-5.3119,-1.0612,-5.1216,10.3846
1003,2.0174,0.93532,-1.7344,7.7618
1004,-13.287,-2.6271,-2.9672,13.4727
1005,9.1813,-1.7375,1.5478,-1.6326
1006,0.9828,0.63403,3.6277,0.68861
1007,10.1373,-5.4707,-2.6479,-1.331
1008,2.5989,0.20085,2.5367,2.0938
1009,1.467,-1.1724,-2.2173,-0.72689
1010,3.5218,-3.8608,-3.8552,-0.38415
1011,-3.5944,0.26809,4.0026,3.5573
1012,6.9382,0.66377,1.9647,0.57722
1013,9.2847,-6.7844,-6.3364,0.014275
1014,0.89382,-0.56854,-0.49241,-1.6283
1015,6.8782,-2.2224,2.1265,0.44784
1016,-3.5841,0.74912,4.3365,3.6884
1017,10.8222,-4.837,-2.0759,2.6439
1018,9.8186,-3.2258,6.5633,-4.4113
1019,4.9227,0.22024,1.3087,2.0013
1020,-9.9533,-1.8733,-2.3299,8.4756
1021,4.0536,-4.0327,-2.9146,-0.45699
1022,0.71586,1.9375,3.5288,1.9507
1023,4.3681,0.75429,1.762,2.1384
1024,0.81312,0.77627,3.6289,1.6277
1025,-4.4553,-0.9888,0.3292,4.5718
1026,3.5135,-0.40691,2.5678,0.61406
1027,6.1188,0.49826,1.3349,0.46497
1028,8.2273,-1.5875,4.5447,-2.4166
1029,3.3376,-1.6741,0.91315,-4.0557
1030,-6.7749,-0.54139,1.8238,8.3873
1031,8.0101,-3.2207,-6.3679,0.4247
1032,10.7539,-4.1685,2.6648,-3.3994
1033,3.379,-2.6621,-2.1802,-1.2256
1034,-9.3305,-0.79871,-2.3221,9.233
1035,-3.6979,1.3051,3.7522,3.9943
1036,-0.17807,0.15429,-0.24811,4.9068
1037,3.3356,-1.9573,-1.1188,-1.3455
1038,2.7396,-2.234,-1.7582,-2.5323
1039,-6.0238,0.29524,-1.7263,5.2419
1040,3.1038,1.5651,5.4021,-1.1536
1041,8.455,-2.0815,1.0135,-1.672
1042,4.96,-5.4719,-4.3967,-0.64892
1043,7.1741,-0.75734,-0.023579,0.78457
1044,-6.6363,-0.89182,-3.0866,10.5405
1045,6.6423,-1.0573,0.77805,-1.1425
1046,11.1699,-4.0728,0.74307,-1.3824
1047,5.1814,-0.42113,0.65497,1.0673
1048,-0.16772,-0.20906,-2.1405,1.321
1049,0.79449,1.0077,3.744,0.95851
1050,0.48203,1.225,1.6472,4.7449
1051,0.65171,-0.52716,-0.82053,-0.48869
1052,0.80898,0.60817,-1.6162,8.1628
1053,-0.56088,0.453,-0.048008,7.7215
1054,-7.3626,-0.66811,-2.5526,6.9255
1055,7.7762,-2.9634,1.8664,-0.23849
1056,1.7484,-1.4181,-1.2244,-1.4801
1057,3.5115,1.0129,5.2032,-1.2538
1058,1.0014,-0.0060486,0.56232,-2.2726
1059,0.80484,-0.19225,-0.83535,-1.6411
1060,4.0722,-2.1151,-3.9204,-0.23678
1061,6.8513,-0.5582,3.946,-1.5443
1062,-0.033218,0.55774,-0.8734,-0.20165
1063,9.1999,-4.6832,-7.0421,0.25933
1064,-1.8769,1.1319,-0.77461,2.4023
1065,-4.4863,-0.61251,2.2634,3.6558
1066,7.4555,-3.3021,2.2091,-1.3284
1067,2.4065,-0.59958,0.26517,-2.8416
1068,-0.52984,1.106,5.0429,0.50439
1069,6.0422,-2.053,1.9321,0.26019
1070,6.3464,-2.4099,1.5691,-0.1828
1071,7.4162,0.14007,3.8969,-1.8245
1072,9.1213,-5.1241,-1.4572,1.7425
1073,2.0837,-1.6767,-2.3142,-0.46813
1074,-0.0249,-0.5621,0.5706,1.2421
1075,-1.0472,0.49567,-0.38388,8.0514
1076,-2.9364,0.50084,4.068,2.1992
1077,-13.498,-3.3202,-4.0025,17.6772
1078,3.6811,-4.0133,-3.9698,-0.60008
1079,8.7985,-0.74182,1.2138,-2.1672
1080,-0.02701,-0.44958,-3.3203,2.9618
1081,-1.6907,0.51636,-1.2369,2.518
1082,7.2755,-0.5388,0.74841,1.1504
1083,8.7695,-3.937,-6.5084,0.23191
1084,4.1322,-2.5987,1.3403,-4.7018
1085,2.7851,-1.9276,-1.6936,-2.1835
1086,-12.4737,-1.3884,-4.211,14.9704
1087,4.8855,-6.2323,0.2952,-5.149
1088,6.7085,0.47886,3.5358,-0.81857
1089,7.41,-0.88406,2.9421,-0.97709
1090,3.0438,-2.7836,-0.36372,-3.4816
1091,1.0759,0.89394,2.9543,0.64577
1092,-3.0088,1.212,4.6352,2.6773
1093,10.5325,-4.206,4.6464,-4.5852
1094,1.3863,-0.43536,1.1518,5.2727
1095,3.2238,-3.4004,-3.6817,-0.69347
1096,-6.7191,0.099985,-2.0066,9.0162
1097,1.107,-0.062945,0.83625,-2.4706
1098,8.3515,-1.2823,4.9852,-2.5425
1099,-7.8323,0.47498,-3.8894,9.8208
1100,3.2135,-2.7965,-0.55648,-3.3085
1101,-4.4553,-0.9888,0.3292,4.5718
1102,8.2067,-1.4336,4.3064,-2.7824
1103,7.4265,-2.9595,0.58982,1.2353
1104,-1.6059,0.16464,-2.659,1.3647
1105,1.3491,-0.55949,0.40614,-1.4501
1106,-1.5148,0.44524,-2.0631,1.219
1107,-1.8625,0.55127,-1.4375,4.026
1108,1.2828,1.7991,3.5257,1.9276
1109,-9.107,-0.28406,-2.2083,8.9991
1110,-0.033218,-0.2776,2.2596,4.7355
1111,3.1783,-3.1896,-0.28696,-3.5767
1112,9.2206,-6.8103,-0.2062,-3.7044
1113,9.7938,-4.4582,3.8496,-4.1508
1114,3.6273,0.48921,1.4884,3.308
1115,3.168,0.18662,2.6606,1.9619
1116,3.2963,-0.11984,1.3234,0.2362
1117,11.2961,-4.3457,4.2586,-4.0943
1118,9.2951,-6.3694,-6.0598,-0.43642
1119,4.7737,-5.5909,0.89512,-4.8431
1120,6.814,-0.17156,0.87603,0.84198
1121,-5.3037,-0.70432,4.3398,3.8803
1122,-0.0249,-0.5621,0.5706,1.2421
1123,-0.76781,0.64179,-0.10648,7.7575
1124,6.8368,-0.55691,0.33565,0.69718
1125,3.1638,-0.1651,3.4985,0.22677
1126,0.65999,-0.43277,0.88298,6.0096
1127,6.3484,-0.58665,2.8297,-0.73546
1128,-3.6793,1.6297,4.1425,3.8281
1129,-8.2151,0.98187,-3.3884,10.3315
1130,-2.4853,0.7155,4.2406,1.608
1131,6.7954,0.4905,2.108,-0.1708
1132,-4.9519,-0.41596,2.5503,6.3729
1133,2.9652,-0.056479,2.4527,0.20021
1134,3.1121,0.4336,3.1088,0.80857
1135,0.57308,0.44007,0.24261,-1.9402
1136,3.9212,-3.6371,-2.7264,-0.49212
1137,-0.070465,1.1319,4.4072,2.0416
1138,8.0763,-1.7155,5.0214,-3.0515
1139,6.9175,-1.5759,1.7819,-1.2744
1140,1.227,-1.091,-2.0441,0.18564
1141,-4.1428,-0.40173,2.2429,5.2333
1142,-0.14703,0.29136,3.4246,0.80342
1143,-2.8019,0.99739,-0.65767,3.7115
1144,-2.1522,1.1047,3.8905,2.6302
1145,-4.0725,1.5418,3.4667,4.2882
1146,-2.9157,0.30817,3.9292,2.2129
1147,-1.1175,-0.26079,1.7939,1.5454
1148,8.2025,-1.0341,5.032,-2.6256
1149,-4.4491,0.15429,3.4626,3.5427
1150,9.9945,-3.3642,5.3915,-3.8081
1151,5.6801,0.026279,4.0524,-1.9693
1152,1.6532,-0.78061,-0.8734,-2.1964
1153,7.6169,-0.96164,4.2969,-2.3874
1154,-4.4553,-0.9888,0.3292,4.5718
1155,5.3448,-0.19355,0.88872,2.045
1156,-13.0366,-0.66165,-3.1423,15.6773
1157,9.6717,-3.1625,4.3684,-3.9606
1158,-2.6529,0.94437,4.2756,2.1375
1159,10.9071,-4.4271,4.4069,-4.5775
1160,-6.8122,1.3323,-1.682,7.1398
1161,0.13853,0.0081754,-0.0012852,-0.19651
1162,0.25855,0.96118,0.518,-0.84085
1163,-6.8411,0.68058,-1.7279,8.9494
1164,10.5884,-4.3133,3.9364,-3.725
1165,6.0318,-0.46122,0.5415,1.6825
1166,2.2906,0.83058,4.4682,0.95766
1167,-0.0249,-0.5621,0.5706,1.2421
1168,8.188,-2.5276,-0.278,-3.1338
1169,-9.136,-0.65259,-2.4115,9.3444
1170,10.1476,-4.0728,4.0127,-3.9366
1171,10.1807,-4.3366,5.7456,-4.7857
1172,3.5177,0.81119,2.5989,0.7623
1173,0.62895,0.75817,0.0040545,-0.64121
1174,0.039207,-0.30346,1.5099,6.2332
1175,-1.3782,-0.021566,-1.3907,2.3055
1176,2.4706,0.37671,1.8799,2.4931
1177,5.8208,-0.64613,0.76163,1.1959
1178,3.3811,-3.456,-0.8172,-3.6684
1179,-0.34775,-0.99138,1.7317,4.1905
1180,7.8383,-1.2151,3.2303,-3.5348
1181,-1.7176,-0.21036,-1.2424,-0.52553
1182,-4.4491,0.94308,-0.36025,2.1067
1183,-2.6612,1.1991,4.6361,2.8358
1184,10.2159,-4.0069,2.6682,-3.4414
1185,10.0152,-3.8582,4.7181,-3.9486
1186,0.7097,-0.4444,0.3798,0.7572
1187,3.7908,-4.1802,-4.1244,-0.6532
1188,-6.5866,-0.021566,-1.8782,4.8486
1189,-1.7838,1.2418,-0.24037,2.135
1190,-6.1666,-0.34355,2.1526,8.0831
1191,1.9347,-1.0897,-0.86339,-2.3729
1192,-0.52157,1.2017,0.22432,-0.40386
1193,-6.7687,0.89912,-1.7976,6.6753
1194,-3.2261,1.1836,-0.66008,3.8058
1195,2.87,0.5099,2.7296,0.51124
1196,9.3717,-3.9564,3.5458,-4.0351
1197,9.7545,-2.9957,2.5817,-3.1749
1198,8.8067,-4.2267,-0.12196,0.94566
1199,4.5192,-4.2629,-2.8619,-0.58123
1200,-0.99336,-0.29312,2.0597,5.2119
1201,5.8125,-0.66553,3.0009,-2.2306
1202,4.8772,-5.8198,0.27331,-4.9194
1203,0.5586,-0.66423,-0.62043,-0.38587
1204,3.3418,-0.99785,-4.2932,0.77258
1205,-7.4474,0.36119,-0.77288,6.492
1206,11.1471,-3.4638,-2.4953,1.9353
1207,7.8652,-0.71984,4.9923,-2.3515
1208,6.1498,-1.2371,2.549,-1.1605
1209,-0.14289,0.045675,-3.2051,0.97565
1210,5.9408,-0.60863,5.8782,-2.8544
1211,11.5092,-6.8194,-1.1804,0.15565
1212,-0.94991,0.3211,0.4283,-1.0731
1213,-4.5567,-0.056479,-2.4561,6.4534
1214,10.4229,-4.9728,3.7982,-4.1602
1215,9.1813,-4.3263,4.2899,-4.6067
1216,4.5564,-2.8987,2.3917,-4.9888
1217,8.6164,-1.2009,3.5499,-3.2794
1218,7.6273,-3.6241,-0.16735,1.2061
1219,-7.7268,-1.4543,-4.3876,11.9655
1220,0.70758,1.8663,2.8969,2.29
1221,1.198,0.94696,4.2458,0.66633
1222,-4.5153,1.4448,0.2346,2.1195
1223,3.4287,-1.1672,-4.4996,0.56265
1224,5.14,-5.4306,-3.8167,-0.65063
1225,-4.7781,0.3974,-1.7104,6.2109
1226,2.1437,-1.6677,-1.4446,-0.47241
1227,4.1157,-0.37199,-0.36038,3.1143
1228,-8.182,-1.6017,-4.1958,12.1291
1229,6.4022,-0.98363,3.8832,-2.432
1230,-6.9757,-0.12889,-1.9551,5.5383
1231,-4.6146,-0.23751,3.3397,3.9823
1232,0.74483,0.753,4.1962,0.83256
1233,1.707,1.4926,4.7926,-0.051701
1234,-3.4144,-0.2026,3.1887,2.7742
1235,11.9624,-7.7853,-2.2153,0.078538
1236,0.7097,-0.4444,0.3798,0.7572
1237,-4.4553,-0.9888,0.32924,4.5718
1238,6.7933,-7.5887,-6.651,0.68604
1239,1.3077,1.6556,3.5594,1.291
1240,1.9016,0.065071,1.3183,-3.3111
1241,8.008,-1.3069,2.614,-3.7258
1242,7.9128,-2.1953,1.5701,0.29018
1243,10.3008,-4.3534,5.6084,-4.8003
1244,6.1974,-1.131,-0.062025,1.099
1245,0.51514,1.106,4.0405,1.0279
1246,-1.0513,0.77369,0.030219,1.4024
1247,0.97452,0.81377,1.8994,4.2265
1248,-1.2541,0.36378,-2.2183,2.9986
1249,2.8472,0.6017,0.80355,4.3439
1250,0.57722,1.2133,2.805,1.3424
1251,-12.8462,-3.1353,-3.8858,12.7957
1252,-2.5164,-0.79742,1.8967,2.8093
1253,7.9459,-3.3409,0.14783,1.0742
1254,3.319,-1.9948,-1.3971,-1.3927
1255,-5.8231,1.212,-1.7479,5.8699
1256,2.8079,-1.2035,-0.88728,-3.1432
1257,3.3997,-4.2655,0.025013,-4.4327
1258,-5.5603,0.903,-0.70867,4.0483
1259,7.2796,-1.144,3.6575,-2.2692
1260,-0.24428,-0.45863,-2.456,1.4041
1261,8.0991,-3.2698,2.2546,-0.24877
1262,7.8859,-1.8384,-1.8584,-1.6643
1263,-2.2536,0.61981,-1.4174,1.518
1264,8.7323,-0.96682,3.0948,-2.9007
1265,9.6593,-1.6638,0.66191,-0.28819
1266,0.43651,-0.3151,2.0153,4.5864
1267,-3.9359,-0.017686,4.1529,2.8633
1268,2.0278,-1.2746,-0.89542,-2.3652
1269,7.9273,-2.1694,1.5673,-0.056842
1270,10.1456,-4.5629,3.8117,-4.0463
1271,5.0096,-6.3862,0.25943,-5.0394
1272,9.1565,-0.80647,1.1676,-2.0867
1273,-8.1158,-1.2112,-1.786,7.0858
1274,-0.65814,1.1952,-2.5419,2.6842
1275,5.0096,0.43878,5.807,-2.2384
1276,-0.68504,-0.44829,-2.3142,1.9833
1277,-0.053911,-1.3509,0.72252,5.6703
1278,-8.3124,-1.4375,-4.0173,12.4547
1279,9.1213,-5.9181,-5.3857,-0.41929
1280,-9.5002,-0.12889,-1.9966,9.682
1281,1.8022,-2.3931,-3.2778,0.1805
1282,-4.8836,-0.5776,4.3239,3.4356
1283,3.4328,-2.3789,-1.7697,-1.2144
1284,8.726,-0.57242,3.404,-2.9915
1285,12.6059,-5.7888,-2.3983,2.9464
1286,12.9515,-5.9426,-2.343,3.3285
1287,6.1663,-0.36553,5.9374,-2.5905
1288,6.3257,-6.6241,-5.525,0.89768
1289,1.5477,1.9284,5.4944,0.041694
1290,-6.7894,-0.32544,-1.8969,5.2761
1291,2.9941,0.30688,3.6702,0.85141
1292,9.1296,-5.8224,0.19081,-3.725
1293,-2.2184,0.89394,-1.4904,1.6054
1294,-6.6073,-0.41984,-1.9983,4.8254
1295,-12.8131,-1.9082,-2.6649,12.6689
1296,9.5662,-7.5034,-0.7869,-3.7867
1297,7.8859,-1.8384,-1.8584,-1.6643
1298,-0.024941,-0.56208,0.5706,1.2421
1299,7.6045,-0.85302,4.9362,-2.3429
1300,0.54204,0.6586,-0.40804,-0.52725
1301,9.0385,-1.2991,2.2928,-3.2417
1302,1.9595,-0.12243,1.5077,-3.0584
1303,0.21303,1.2095,5.0691,0.20278
1304,-0.67263,0.85774,-3.0201,2.7056
1305,0.94348,1.234,2.0911,4.5512
1306,0.46341,2.0202,4.3634,1.4281
1307,-10.868,-1.4116,-2.0545,9.4926
1308,3.3604,-4.0431,0.47368,-4.5064
1309,-12.4923,-0.47027,-3.5713,14.8881
1310,2.93,-2.6737,0.062525,-3.5467
1311,-0.062188,-0.055186,-3.0265,0.68604
1312,0.78415,1.7008,3.8584,1.1033
1313,3.6667,-1.2474,-2.3147,-0.6969
1314,6.932,0.23447,3.2704,-1.0456
1315,-6.4169,1.0323,-0.97325,5.6026
1316,2.9134,-0.12243,2.5331,-0.822
1317,-2.0901,0.71162,-1.6706,1.584
1318,-5.6968,0.37671,-2.7769,5.9179
1319,9.5662,-7.5034,-0.78689,-3.7867
1320,9.1709,-1.2047,2.8521,-3.6461
1321,3.677,-2.0711,0.6212,-4.0771
1322,2.2326,1.5534,4.8077,-0.26334
1323,7.7845,-2.6608,1.0009,-0.28219
1324,10.189,-4.978,3.5156,-4.2759
1325,9.7483,-1.6134,-0.016103,0.15394
1326,5.978,-0.3526,0.77765,1.1941
1327,-3.0337,0.20214,3.8846,2.5334
1328,4.8979,-5.0801,-3.8826,-0.92311
1329,-5.8127,-0.52846,-4.5046,10.8867
1330,0.23579,1.3258,1.3451,-1.8785
1331,0.10129,-0.2957,-3.3125,0.55323
1332,5.4048,-0.89958,3.4092,-2.5228
1333,3.1348,0.58489,2.6799,0.34073
1334,-4.8795,-0.029324,4.3846,3.3662
1335,8.5708,-0.59182,3.4916,-3.0326
1336,-1.4734,0.44653,-1.2568,2.8718
1337,3.2569,-3.2944,-0.87834,-3.6778
1338,1.4732,-0.58535,0.24394,-1.4192
1339,0.39098,0.42843,0.11806,-0.98223
1340,0.35788,1.2004,4.3937,2.0416
1341,-0.73884,-0.72371,2.1721,5.4672
1342,3.2797,1.1189,5.086,-1.2701
1343,10.4022,-4.7582,4.0713,-4.1722
1344,9.3986,-5.3336,-1.0401,0.85998
1345,1.5891,0.42455,-1.2576,7.0078
1346,1.1318,0.96118,4.223,0.72202
1347,1.854,1.2314,3.931,-0.023425
1348,-0.14703,-0.15605,-0.4294,0.044265
1349,1.9181,-0.61768,0.20216,-3.2828
1350,0.65378,0.39998,0.50225,-1.1793
1351,2.9486,0.7155,0.44125,4.3225
1352,2.9072,0.40774,3.5127,1.0579
1353,6.8409,0.44912,2.5089,-0.029423
1354,0.22751,0.97282,4.2027,0.96108
1355,5.7587,-0.61251,3.2032,-0.75345
1356,-6.6384,-0.10691,-1.522,5.7491
1357,2.8679,-2.2612,-0.50816,-1.8108
1358,-6.5721,-0.94354,-1.5951,4.7689
1359,3.021,-2.4241,-2.1652,-2.4132
1360,2.3382,-1.0431,-0.46651,-2.9812
1361,9.1089,-1.7129,1.0182,-0.62064
1362,2.8762,-1.2086,-3.518,0.1548
1363,-2.7005,0.36636,4.0215,2.4957
1364,-7.5757,-0.57889,-3.1875,11.8678
1365,8.7943,-1.3754,2.9736,-3.6359
1366,-3.3379,-0.54785,3.0242,2.5865
1367,2.3444,-0.40173,-2.9786,0.52667
1368,5.978,-1.1621,-0.39816,1.3912
1369,6.0463,-0.58665,2.9233,-0.11168
1370,-6.8101,-0.60216,2.0922,8.4636
1371,1.378,0.85774,2.1948,1.1582
1372,-3.373,0.55257,4.6439,2.5976
